npts,nTriMax,totalRuntime,seed,distribution,
100,201,0.056531,0,0,
100,201,0.056309,0,1,
200,401,0.165131,0,0,
200,401,0.159225,0,1,
300,601,0.360523,0,0,
300,601,0.339733,0,1,
400,801,0.610439,0,0,
400,801,0.594145,0,1,
500,1001,0.933446,0,0,
500,1001,0.920487,0,1,
600,1201,1.350140,0,0,
600,1201,1.278690,0,1,
700,1401,1.852114,0,0,
700,1401,1.784191,0,1,
800,1601,2.449103,0,0,
800,1601,2.340356,0,1,
900,1801,3.056660,0,0,
900,1801,2.924059,0,1,
1000,2001,3.809497,0,0,
1000,2001,3.638712,0,1,
