npts,nTriMax,totalRuntime,seed,distribution,
100,201,0.058149,0,0,
100,201,0.058695,0,1,
200,401,0.168936,0,0,
200,401,0.167914,0,1,
300,601,0.372138,0,0,
300,601,0.352570,0,1,
400,801,0.632118,0,0,
400,801,0.603421,0,1,
500,1001,0.967905,0,0,
500,1001,0.972588,0,1,
600,1201,1.366492,0,0,
600,1201,1.355398,0,1,
700,1401,1.920476,0,0,
700,1401,1.853798,0,1,
800,1601,2.547415,0,0,
800,1601,2.436883,0,1,
900,1801,3.238069,0,0,
900,1801,3.028867,0,1,
1000,2001,3.960690,0,0,
1000,2001,3.637971,0,1,
