npts,nTriMax,totalRuntime,seed,distribution,
100,201,0.056681,0,0,
100,201,0.057199,0,1,
200,401,0.165715,0,0,
200,401,0.163818,0,1,
300,601,0.356042,0,0,
300,601,0.351414,0,1,
400,801,0.615675,0,0,
400,801,0.596235,0,1,
500,1001,0.924954,0,0,
500,1001,0.910775,0,1,
600,1201,1.377664,0,0,
600,1201,1.324050,0,1,
700,1401,1.834606,0,0,
700,1401,1.807102,0,1,
800,1601,2.436928,0,0,
800,1601,2.373548,0,1,
900,1801,3.166568,0,0,
900,1801,3.006464,0,1,
1000,2001,3.831653,0,0,
1000,2001,3.786142,0,1,
