npts,nTriMax,totalRuntime,seed,distribution,
100,201,0.035229,0,0,
100,201,0.033927,0,1,
200,401,0.144680,0,0,
200,401,0.141660,0,1,
300,601,0.361679,0,0,
300,601,0.331209,0,1,
400,801,0.591069,0,0,
400,801,0.575445,0,1,
500,1001,0.950287,0,0,
500,1001,0.930148,0,1,
600,1201,1.365716,0,0,
600,1201,1.324829,0,1,
700,1401,1.882040,0,0,
700,1401,1.764115,0,1,
800,1601,2.503767,0,0,
800,1601,2.344987,0,1,
900,1801,3.102746,0,0,
900,1801,3.017502,0,1,
1000,2001,3.861546,0,0,
1000,2001,3.608766,0,1,
