npts,nTriMax,totalRuntime,seed,distribution,
100,201,0.036445,0,0,
100,201,0.034701,0,1,
200,401,0.162460,0,0,
200,401,0.162855,0,1,
300,601,0.361603,0,0,
300,601,0.354963,0,1,
400,801,0.624437,0,0,
400,801,0.587491,0,1,
500,1001,0.949205,0,0,
500,1001,0.937287,0,1,
600,1201,1.389421,0,0,
600,1201,1.333299,0,1,
700,1401,1.882247,0,0,
700,1401,1.825604,0,1,
800,1601,2.454629,0,0,
800,1601,2.398142,0,1,
900,1801,3.177665,0,0,
900,1801,3.024432,0,1,
1000,2001,3.862539,0,0,
1000,2001,3.795213,0,1,
