npts,nTriMax,totalRuntime,seed,distribution,
100,201,0.034808,0,0,
100,201,0.061142,0,1,
200,401,0.144679,0,0,
200,401,0.146502,0,1,
300,601,0.350386,0,0,
300,601,0.357470,0,1,
400,801,0.624258,0,0,
400,801,0.610383,0,1,
500,1001,0.956626,0,0,
500,1001,0.955684,0,1,
600,1201,1.412207,0,0,
600,1201,1.354946,0,1,
700,1401,1.916721,0,0,
700,1401,1.852324,0,1,
800,1601,2.494026,0,0,
800,1601,2.437084,0,1,
900,1801,3.233179,0,0,
900,1801,3.078214,0,1,
1000,2001,3.928019,0,0,
1000,2001,3.856922,0,1,
