npts,nTriMax,totalRuntime,seed,distribution,
10,21,0.000508,0,0,
10,21,0.001055,0,1,
20,41,0.001799,0,0,
20,41,0.002110,0,1,
30,61,0.005400,0,0,
30,61,0.004716,0,1,
40,81,0.008817,0,0,
40,81,0.008305,0,1,
50,101,0.013365,0,0,
50,101,0.014077,0,1,
10,21,0.000527,1,0,
10,21,0.000360,1,1,
20,41,0.002377,1,0,
20,41,0.002133,1,1,
30,61,0.004812,1,0,
30,61,0.005182,1,1,
40,81,0.008173,1,0,
40,81,0.008129,1,1,
50,101,0.013028,1,0,
50,101,0.013024,1,1,
